Orthogroup	Populus_adenopoda	Populus_alba	Populus_alba_var__pyramidalis	Populus_davidiana	Populus_deltoide	Populus_euphratica	Populus_ilicifolia	Populus_koreana	Populus_lasiocarpa	Populus_pruinosa	Populus_pseudoglauca	Populus_qiongdaoensis	Populus_rotundifolia	Populus_simonii	Populus_szechuanica	Populus_tremula	Populus_trichocarpa	Populus_wuana	Populus_yunnanensis
OG0000000	Populus_adenopoda__Poade01968.t2, Populus_adenopoda__Poade33371.t1	Populus_alba__KAL3579770.1, Populus_alba__KAL3610968.1	Populus_alba_var__pyramidalis__Poalv02439.t1, Populus_alba_var__pyramidalis__Poalv18665.t1, Populus_alba_var_pyramidalis__GWHACDA00000014_exon1_exon5.final	Populus_davidiana__Podav02319.t3, Populus_davidiana__Podav36976.t2	Populus_deltoide__Podel.01G232200.1.v2.1, Populus_deltoide__Podel.09G016800.1.v2.1	Populus_euphratica__GWHAAYU00000019_exon1_exon6.final, Populus_euphratica__Poeup02427.t1, Populus_euphratica__Poeup02433.t1, Populus_euphratica__Poeup19045.t1	Populus_ilicifolia__evm.model.scaffold34_cov110.5, Populus_ilicifolia__evm.model.scaffold350_cov108.12	Populus_koreana__Pokor02315.t2, Populus_koreana__Pokor36884.t1	Populus_lasiocarpa__Polas02308.t2, Populus_lasiocarpa__Polas38810.t2	Populus_pruinosa__PprTF01G1868.1, Populus_pruinosa__PprTF09G0182.1	Populus_pseudoglauca__Popse02422.t2, Populus_pseudoglauca__Popse37814.t1	Populus_qiongdaoensis__Poqio02675.t1	Populus_rotundifolia__Porot02200.t3, Populus_rotundifolia__Porot36106.t1	Populus_simonii__Posim02660.t4, Populus_simonii__Posim39460.t1	Populus_szechuanica__Posze02351.t1, Populus_szechuanica__Posze39037.t1	Populus_tremula__Potra2n1c1917.1, Populus_tremula__Potra2n369s35436.1	Populus_trichocarpa__Potri.001G220700.2.v4.1, Populus_trichocarpa__Potri.009G018500.1.v4.1	Populus_wuana__Powua02169.t2, Populus_wuana__Powua36068.t1	Populus_yunnanensis__Poyun02263.t1, Populus_yunnanensis__Poyun37989.t1
OG0000001	Populus_adenopoda__Poade11889.t1, Populus_adenopoda__Poade28109.t1	Populus_alba__KAL3583518.1, Populus_alba__KAL3591982.1	Populus_alba_var__pyramidalis__Poalv12580.t1, Populus_alba_var__pyramidalis__Poalv30096.t1	Populus_davidiana__Podav17744.t1, Populus_davidiana__Podav30004.t1	Populus_deltoide__Podel.05G132900.1.v2.1, Populus_deltoide__Podel.07G022000.1.v2.1	Populus_euphratica__GWHAAYU00000012_exon20_exon6.final, Populus_euphratica__Poeup07125.t1, Populus_euphratica__Poeup28714.t1	Populus_ilicifolia__evm.model.scaffold3471_cov113.1, Populus_ilicifolia__evm.model.scaffold526_cov104.105	Populus_koreana__Pokor08513.t1, Populus_koreana__Pokor33873.t1	Populus_lasiocarpa__Polas09091.t1, Populus_lasiocarpa__Polas27404.t1	Populus_pruinosa__PprTF05G0935.1, Populus_pruinosa__PprTF07G0182.1, Populus_pruinosa__PprTF07G0186.1	Populus_pseudoglauca__Popse14079.t1, Populus_pseudoglauca__Popse31567.t1	Populus_qiongdaoensis__Poqio14412.t1, Populus_qiongdaoensis__Poqio18768.t1	Populus_rotundifolia__Porot10676.t1, Populus_rotundifolia__Porot30716.t1	Populus_simonii__Posim12232.t1, Populus_simonii__Posim33635.t1	Populus_szechuanica__Posze11660.t1, Populus_szechuanica__Posze34087.t1	Populus_tremula__Potra2n5c11742.1, Populus_tremula__Potra2n7c16463.1	Populus_trichocarpa__Potri.005G119300.1.v4.1, Populus_trichocarpa__Potri.007G019900.1.v4.1	Populus_wuana__Powua13489.t1, Populus_wuana__Powua30230.t1	Populus_yunnanensis__Poyun14185.t1, Populus_yunnanensis__Poyun30225.t1
OG0000002	Populus_adenopoda__Poade15845.t1, Populus_adenopoda__Poade17757.t1	Populus_alba__KAL3578651.1, Populus_alba__KAL3581993.1	Populus_alba_var__pyramidalis__Poalv32253.t1, Populus_alba_var__pyramidalis__Poalv37619.t1	Populus_davidiana__Podav25239.t1, Populus_davidiana__Podav27379.t1	Populus_deltoide__Podel.08G126200.1.v2.1, Populus_deltoide__Podel.10G144700.1.v2.1, Populus_deltoide__Podel.T107700.1.v2.1, Populus_deltoide__Podel.T107800.1.v2.1	Populus_euphratica__Poeup21438.t1, Populus_euphratica__Poeup35373.t1	Populus_ilicifolia__evm.model.scaffold327_cov106.172, Populus_ilicifolia__evm.model.scaffold625_cov106.54	Populus_koreana__Pokor15850.t1, Populus_koreana__Pokor23305.t1	Populus_lasiocarpa__Polas16386.t1, Populus_lasiocarpa__Polas21358.t1	Populus_pruinosa__PprTF08G0945.1, Populus_pruinosa__PprTF10G0995.1	Populus_pseudoglauca__Popse18891.t1, Populus_pseudoglauca__Popse25944.t1	Populus_qiongdaoensis__Poqio21516.t1, Populus_qiongdaoensis__Poqio26146.t1	Populus_rotundifolia__Porot20918.t1, Populus_rotundifolia__Porot26710.t1	Populus_simonii__Posim19358.t1, Populus_simonii__Posim22038.t1	Populus_szechuanica__Posze19322.t1, Populus_szechuanica__Posze23024.t1	Populus_tremula__Potra2n10c21157.1, Populus_tremula__Potra2n8c17590.1	Populus_trichocarpa__Potri.008G106700.1.v4.1, Populus_trichocarpa__Potri.010G142900.1.v4.1	Populus_wuana__Powua17795.t1, Populus_wuana__Powua20225.t1	Populus_yunnanensis__Poyun16690.t1, Populus_yunnanensis__Poyun22607.t1
OG0000003	Populus_adenopoda__Poade15777.t1, Populus_adenopoda__Poade17830.t1	Populus_alba__KAL3578587.1, Populus_alba__KAL3582065.1	Populus_alba_var__pyramidalis__Poalv32328.t1, Populus_alba_var__pyramidalis__Poalv37549.t1, Populus_alba_var__pyramidalis__Poalv37554.t1	Populus_davidiana__Podav25168.t1, Populus_davidiana__Podav27312.t1	Populus_deltoide__Podel.08G134200.1.v2.1, Populus_deltoide__Podel.10G136700.1.v2.1	Populus_euphratica__Poeup21521.t1, Populus_euphratica__Poeup35453.t1	Populus_ilicifolia__evm.model.scaffold327_cov106.94, Populus_ilicifolia__evm.model.scaffold546_cov105.65	Populus_koreana__Pokor15781.t1, Populus_koreana__Pokor23376.t1	Populus_lasiocarpa__Polas16456.t1, Populus_lasiocarpa__Polas21280.t1	Populus_pruinosa__Chr10_exon1.final, Populus_pruinosa__PprTF08G1009.1	Populus_pseudoglauca__Popse18821.t1, Populus_pseudoglauca__Popse26013.t1	Populus_qiongdaoensis__Poqio21578.t1, Populus_qiongdaoensis__Poqio26068.t1	Populus_rotundifolia__Porot20990.t1, Populus_rotundifolia__Porot26637.t1	Populus_simonii__Posim19432.t1, Populus_simonii__Posim21969.t1	Populus_szechuanica__Posze19251.t1, Populus_szechuanica__Posze23098.t1	Populus_tremula__Potra2n10c21228.1, Populus_tremula__Potra2n8c17663.1	Populus_trichocarpa__Potri.008G113400.1.v4.1, Populus_trichocarpa__Potri.010G135200.2.v4.1	Populus_wuana__Powua17868.t1, Populus_wuana__Powua20292.t1	Populus_yunnanensis__Poyun16619.t1, Populus_yunnanensis__Poyun22677.t1
OG0000004	Populus_adenopoda__Poade03677.t1, Populus_adenopoda__Poade13090.t1	Populus_alba__KAL3599602.1, Populus_alba__KAL3609257.1	Populus_alba_var__pyramidalis__Poalv03260.t1, Populus_alba_var__pyramidalis__Poalv21946.t1	Populus_davidiana__Podav00453.t2, Populus_davidiana__Podav05182.t1	Populus_deltoide__Podel.01G032300.1.v2.1, Populus_deltoide__Podel.03G212100.1.v2.1	Populus_euphratica__Poeup04226.t1, Populus_euphratica__Poeup18543.t1	Populus_ilicifolia__evm.model.scaffold1007_cov103.44, Populus_ilicifolia__evm.model.scaffold169_cov106.296	Populus_koreana__Pokor04190.t2, Populus_koreana__Pokor18772.t1	Populus_lasiocarpa__Polas00336.t2, Populus_lasiocarpa__Polas19732.t1	Populus_pruinosa__PprTF01G0266.1, Populus_pruinosa__PprTF03G1654.1	Populus_pseudoglauca__Popse04333.t2, Populus_pseudoglauca__Popse17162.t1	Populus_qiongdaoensis__Poqio04824.t1, Populus_qiongdaoensis__Poqio08372.t1	Populus_rotundifolia__Porot00339.t2, Populus_rotundifolia__Porot06576.t3	Populus_simonii__Posim04653.t1, Populus_simonii__Posim17928.t1	Populus_szechuanica__Posze00369.t1, Populus_szechuanica__Posze17620.t1	Populus_tremula__Potra2n1c244.2, Populus_tremula__Potra2n3c6723.1	Populus_trichocarpa__Potri.001G029800.11.v4.1, Populus_trichocarpa__Potri.003G194600.12.v4.1	Populus_wuana__Powua00320.t1, Populus_wuana__Powua16470.t3	Populus_yunnanensis__Poyun00301.t1, Populus_yunnanensis__Poyun19681.t1
OG0000005	Populus_adenopoda__Poade06944.t1, Populus_adenopoda__Poade21032.t1	Populus_alba__KAL3572317.1, Populus_alba__KAL3604436.1	Populus_alba_var__pyramidalis__Poalv08559.t1, Populus_alba_var__pyramidalis__Poalv24554.t1	Populus_davidiana__Podav13516.t1, Populus_davidiana__Podav21354.t1	Populus_deltoide__Podel.02G218800.1.v2.1, Populus_deltoide__Podel.14G125100.1.v2.1	Populus_euphratica__Poeup10846.t1, Populus_euphratica__Poeup14827.t1	Populus_ilicifolia__evm.model.scaffold118_cov101.47, Populus_ilicifolia__evm.model.scaffold687_cov105.32	Populus_koreana__Pokor10333.t1, Populus_koreana__Pokor19878.t1	Populus_lasiocarpa__Polas10923.t1, Populus_lasiocarpa__Polas24666.t1	Populus_pruinosa__PprTF02G1769.1, Populus_pruinosa__PprTF14G0638.1	Populus_pseudoglauca__Popse11926.t1, Populus_pseudoglauca__Popse23865.t1	Populus_qiongdaoensis__Poqio05994.t1, Populus_qiongdaoensis__Poqio33336.t1	Populus_rotundifolia__Porot12592.t1, Populus_rotundifolia__Porot23022.t1	Populus_simonii__Posim09980.t1, Populus_simonii__Posim25424.t1	Populus_szechuanica__Posze14865.t1, Populus_szechuanica__Posze27044.t1	Populus_tremula__Potra2n14c27320.1, Populus_tremula__Potra2n2c4633.1	Populus_trichocarpa__Potri.002G196200.1.v4.1, Populus_trichocarpa__Potri.014G120800.1.v4.1	Populus_wuana__Powua09142.t1, Populus_wuana__Powua23658.t1	Populus_yunnanensis__Poyun10788.t1, Populus_yunnanensis__Poyun26435.t1
OG0000006	Populus_adenopoda__Poade08299.t1, Populus_adenopoda__Poade11116.t1	Populus_alba__KAL3592768.1, Populus_alba__KAL3603560.1	Populus_alba_var__pyramidalis__Poalv29285.t1	Populus_davidiana__Podav12062.t1, Populus_davidiana__Podav16865.t1	Populus_deltoide__Podel.02G048200.1.v2.1, Populus_deltoide__Podel.02G052000.1.v2.1, Populus_deltoide__Podel.02G052800.1.v2.1, Populus_deltoide__Podel.05G230200.1.v2.1	Populus_euphratica__Poeup16278.t1, Populus_euphratica__Poeup29645.t1	Populus_ilicifolia__evm.model.scaffold47_cov104.21, Populus_ilicifolia__evm.model.scaffold96_cov103.427	Populus_koreana__Pokor07593.t1, Populus_koreana__Pokor11816.t1	Populus_lasiocarpa__Polas08067.t1, Populus_lasiocarpa__Polas12463.t1	Populus_pruinosa__PprTF02G0409.1, Populus_pruinosa__PprTF05G1738.1	Populus_pseudoglauca__Popse10416.t1, Populus_pseudoglauca__Popse13132.t2	Populus_qiongdaoensis__Poqio13476.t1	Populus_rotundifolia__Porot11545.t1, Populus_rotundifolia__Porot14045.t1	Populus_simonii__Posim08499.t1, Populus_simonii__Posim11292.t1	Populus_szechuanica__Posze10648.t1, Populus_szechuanica__Posze13292.t1	Populus_tremula__Potra2n2c6035.1, Populus_tremula__Potra2n5c10904.1	Populus_trichocarpa__Potri.002G045800.1.v4.1, Populus_trichocarpa__Potri.005G217500.1.v4.1	Populus_wuana__Powua07653.t1, Populus_wuana__Powua12550.t1	Populus_yunnanensis__Poyun12351.t1, Populus_yunnanensis__Poyun13237.t1
OG0000007	Populus_adenopoda__Poade09344.t1, Populus_adenopoda__Poade32414.t1	Populus_alba__KAL3580730.1, Populus_alba__KAL3597419.1	Populus_alba_var__pyramidalis__Poalv19761.t1, Populus_alba_var__pyramidalis__Poalv28068.t1	Populus_davidiana__Podav14843.t1, Populus_davidiana__Podav37808.t1	Populus_deltoide__Podel.04G168100.1.v2.1, Populus_deltoide__Podel.09G130600.1.v2.1	Populus_euphratica__Poeup20064.t1, Populus_euphratica__Poeup23322.t1	Populus_ilicifolia__evm.model.scaffold117_cov106.178, Populus_ilicifolia__evm.model.scaffold428_cov103.9	Populus_koreana__Pokor13833.t1, Populus_koreana__Pokor35857.t1	Populus_lasiocarpa__Polas14509.t1, Populus_lasiocarpa__Polas37739.t1	Populus_pruinosa__PprTF04G1294.1, Populus_pruinosa__PprTF09G1167.1	Populus_pseudoglauca__Popse08231.t1, Populus_pseudoglauca__Popse38861.t1	Populus_qiongdaoensis__Poqio11334.t1, Populus_qiongdaoensis__Poqio24131.t1	Populus_rotundifolia__Porot16910.t2, Populus_rotundifolia__Porot37171.t2	Populus_simonii__Posim13999.t1, Populus_simonii__Posim38444.t1	Populus_szechuanica__Posze09393.t1, Populus_szechuanica__Posze40121.t1	Populus_tremula__Potra2n4c9893.1, Populus_tremula__Potra2n9c19016.1	Populus_trichocarpa__Potri.004G163800.1.v4.1, Populus_trichocarpa__Potri.009G125400.1.v4.1	Populus_wuana__Powua10516.t1, Populus_wuana__Powua37092.t1	Populus_yunnanensis__Poyun08321.t1, Populus_yunnanensis__Poyun39046.t1
OG0000008	Populus_adenopoda__Poade11834.t1, Populus_adenopoda__Poade28021.t2	Populus_alba__KAL3583606.1, Populus_alba__KAL3592031.1	Populus_alba_var__pyramidalis__Poalv12707.t1, Populus_alba_var__pyramidalis__Poalv30045.t1	Populus_davidiana__Podav17690.t1, Populus_davidiana__Podav30094.t1	Populus_deltoide__Podel.05G139800.1.v2.1, Populus_deltoide__Podel.07G034300.1.v2.1, Populus_deltoide__Podel.07G034600.1.v2.1	Populus_euphratica__Poeup28769.t1, Populus_euphratica__Poeup28778.t1	Populus_ilicifolia__evm.model.scaffold405_cov103.23, Populus_ilicifolia__evm.model.scaffold601_cov109.6	Populus_koreana__Pokor08451.t2, Populus_koreana__Pokor33775.t5	Populus_lasiocarpa__Polas09021.t1, Populus_lasiocarpa__Polas27497.t2	Populus_pruinosa__PprTF05G0997.1, Populus_pruinosa__PprTF07G0271.1	Populus_pseudoglauca__Popse14019.t2, Populus_pseudoglauca__Popse31470.t1	Populus_qiongdaoensis__Poqio14343.t1, Populus_qiongdaoensis__Poqio18886.t1	Populus_rotundifolia__Porot10739.t6, Populus_rotundifolia__Porot30815.t2	Populus_simonii__Posim12167.t1, Populus_simonii__Posim33539.t3	Populus_szechuanica__Posze11596.t1, Populus_szechuanica__Posze33982.t3	Populus_tremula__Potra2n5c11681.3, Populus_tremula__Potra2n7c16366.1	Populus_trichocarpa__Potri.005G126000.4.v4.1, Populus_trichocarpa__Potri.007G029400.2.v4.1	Populus_wuana__Powua13429.t2	Populus_yunnanensis__Poyun14122.t1, Populus_yunnanensis__Poyun30125.t1
OG0000009	Populus_adenopoda__Poade24255.t1, Populus_adenopoda__Poade27135.t1	Populus_alba__KAL3567425.1, Populus_alba__KAL3583202.1	Populus_alba_var__pyramidalis__Poalv10598.t1, Populus_alba_var__pyramidalis__Poalv13773.t1	Populus_davidiana__Podav20297.t1, Populus_davidiana__Podav31058.t1	Populus_deltoide__Podel.07G142200.1.v2.1, Populus_deltoide__Podel.17G028500.1.v2.1	Populus_euphratica__Poeup06079.t1, Populus_euphratica__Poeup07500.t1	Populus_ilicifolia__evm.model.scaffold407_cov105.91, Populus_ilicifolia__evm.model.scaffold408_cov108.129	Populus_koreana__Pokor27156.t1, Populus_koreana__Pokor32791.t1	Populus_lasiocarpa__Polas28500.t1, Populus_lasiocarpa__Polas34237.t1	Populus_pruinosa__PprTF07G1080.1, Populus_pruinosa__PprTF17G0126.1	Populus_pseudoglauca__Popse30427.t1, Populus_pseudoglauca__Popse33456.t1	Populus_qiongdaoensis__Poqio20064.t1, Populus_qiongdaoensis__Poqio38431.t1	Populus_rotundifolia__Porot14809.t2, Populus_rotundifolia__Porot31810.t1	Populus_simonii__Posim32559.t1, Populus_simonii__Posim36835.t1	Populus_szechuanica__Posze29300.t1, Populus_szechuanica__Posze32875.t1	Populus_tremula__Potra2n17c31613.1, Populus_tremula__Potra2n7c15534.1	Populus_trichocarpa__Potri.007G130800.4.v4.1, Populus_trichocarpa__Potri.017G027400.1.v4.1	Populus_wuana__Powua29098.t1, Populus_wuana__Powua30604.t1	Populus_yunnanensis__Poyun29030.t1, Populus_yunnanensis__Poyun32129.t1
OG0000010	Populus_adenopoda__Poade04288.t1, Populus_adenopoda__Poade30377.t1	Populus_alba__KAL3568988.1, Populus_alba__KAL3585228.1	Populus_alba_var__pyramidalis__Poalv05009.t1, Populus_alba_var__pyramidalis__Poalv16597.t1	Populus_davidiana__Podav09516.t1, Populus_davidiana__Podav34666.t1	Populus_deltoide__Podel.06G038900.1.v2.1, Populus_deltoide__Podel.16G039500.1.v2.1	Populus_euphratica__Poeup09768.t1, Populus_euphratica__Poeup25361.t1	Populus_ilicifolia__evm.model.scaffold185_cov102.186, Populus_ilicifolia__evm.model.scaffold894_cov107.121	Populus_koreana__Pokor04806.t1, Populus_koreana__Pokor30283.t1	Populus_lasiocarpa__Polas07236.t1, Populus_lasiocarpa__Polas34805.t1	Populus_pruinosa__PprTF06G0288.1, Populus_pruinosa__PprTF16G0273.1	Populus_pseudoglauca__Popse05058.t2, Populus_pseudoglauca__Popse35884.t1	Populus_qiongdaoensis__Poqio36105.t1	Populus_rotundifolia__Porot07225.t1, Populus_rotundifolia__Porot27989.t1	Populus_simonii__Posim05646.t1, Populus_simonii__Posim36345.t1	Populus_szechuanica__Posze07272.t1, Populus_szechuanica__Posze32370.t1	Populus_tremula__Potra2n16c29535.1, Populus_tremula__Potra2n6c15078.2	Populus_trichocarpa__Potri.006G039000.1.v4.1, Populus_trichocarpa__Potri.016G036500.1.v4.1	Populus_wuana__Powua06889.t1, Populus_wuana__Powua33538.t1	Populus_yunnanensis__Poyun07264.t1, Populus_yunnanensis__Poyun36026.t1
OG0000011	Populus_adenopoda__Poade06147.t1, Populus_adenopoda__Poade26761.t1	Populus_alba__KAL3566150.1, Populus_alba__KAL3587027.1	Populus_alba_var__pyramidalis__Poalv07173.t1, Populus_alba_var__pyramidalis__Poalv12097.t1	Populus_davidiana__Podav07536.t1, Populus_davidiana__Podav29483.t3	Populus_deltoide__Podel.06G265700.1.v2.1, Populus_deltoide__Podel.18G029700.1.v2.1	Populus_euphratica__Poeup04775.t1, Populus_euphratica__Poeup27401.t1	Populus_ilicifolia__evm.model.scaffold363_cov103.137, Populus_ilicifolia__evm.model.scaffold365_cov106.228	Populus_koreana__Pokor06845.t2, Populus_koreana__Pokor28864.t1	Populus_lasiocarpa__Polas05071.t1, Populus_lasiocarpa__Polas26037.t1	Populus_pruinosa__PprTF06G2103.1, Populus_pruinosa__PprTF18G0212.1	Populus_pseudoglauca__Popse07149.t1, Populus_pseudoglauca__Popse29992.t6	Populus_qiongdaoensis__Poqio39000.t1	Populus_rotundifolia__Porot09216.t2, Populus_rotundifolia__Porot29416.t7	Populus_simonii__Posim07726.t2, Populus_simonii__Posim32025.t1	Populus_szechuanica__Posze05134.t1, Populus_szechuanica__Posze34593.t1	Populus_tremula__Potra2n18c32994.1, Populus_tremula__Potra2n6c13087.1	Populus_trichocarpa__Potri.006G251800.2.v4.1, Populus_trichocarpa__Potri.018G029500.1.v4.1	Populus_wuana__Powua04804.t2, Populus_wuana__Powua27806.t1	Populus_yunnanensis__Poyun05076.t1, Populus_yunnanensis__Poyun33708.t1
OG0000012	Populus_adenopoda__Poade07884.t1, Populus_adenopoda__Poade11514.t1	Populus_alba__KAL3572606.1, Populus_alba__KAL3592370.1	Populus_alba_var__pyramidalis__Poalv25488.t1, Populus_alba_var__pyramidalis__Poalv29703.t1	Populus_davidiana__Podav12488.t1, Populus_davidiana__Podav17313.t1	Populus_deltoide__Podel.02G098500.1.v2.1, Populus_deltoide__Podel.05G181100.1.v2.1	Populus_euphratica__Poeup15834.t1, Populus_euphratica__Poeup29194.t1	Populus_ilicifolia__evm.model.scaffold5_cov102.49, Populus_ilicifolia__evm.model.scaffold933_cov112.5	Populus_koreana__Pokor08053.t1, Populus_koreana__Pokor11364.t1	Populus_lasiocarpa__Polas08542.t1, Populus_lasiocarpa__Polas12000.t1	Populus_pruinosa__PprTF02G0832.1, Populus_pruinosa__PprTF05G1301.1	Populus_pseudoglauca__Popse10873.t2, Populus_pseudoglauca__Popse13593.t1	Populus_qiongdaoensis__Poqio14061.t1	Populus_rotundifolia__Porot11098.t1, Populus_rotundifolia__Porot13595.t2	Populus_simonii__Posim08949.t1, Populus_simonii__Posim11734.t3	Populus_szechuanica__Posze11135.t1, Populus_szechuanica__Posze13760.t1	Populus_tremula__Potra2n2c5587.1, Populus_tremula__Potra2n5c11336.1	Populus_trichocarpa__Potri.002G090700.5.v4.1, Populus_trichocarpa__Potri.005G170500.1.v4.1	Populus_wuana__Powua08091.t1, Populus_wuana__Powua12999.t2	Populus_yunnanensis__Poyun11875.t1, Populus_yunnanensis__Poyun13690.t1
OG0000013	Populus_adenopoda__Poade08426.t1, Populus_adenopoda__Poade10991.t1	Populus_alba__KAL3592894.1, Populus_alba__KAL3603414.1	Populus_alba_var__pyramidalis__Poalv26081.t1, Populus_alba_var__pyramidalis__Poalv29149.t1	Populus_davidiana__Podav11933.t1, Populus_davidiana__Podav16729.t1	Populus_deltoide__Podel.02G034200.1.v2.1, Populus_deltoide__Podel.05G245900.1.v2.1	Populus_euphratica__Poeup16415.t1, Populus_euphratica__Poeup29786.t1	Populus_ilicifolia__evm.model.scaffold47_cov104.156, Populus_ilicifolia__evm.model.scaffold96_cov103.290	Populus_koreana__Pokor07461.t1, Populus_koreana__Pokor11957.t1	Populus_lasiocarpa__Polas07914.t1, Populus_lasiocarpa__Polas12599.t1	Populus_pruinosa__PprTF02G0284.1, Populus_pruinosa__PprTF05G1865.1	Populus_pseudoglauca__Popse10274.t1, Populus_pseudoglauca__Popse12995.t1	Populus_qiongdaoensis__Poqio07720.t1, Populus_qiongdaoensis__Poqio13302.t1	Populus_rotundifolia__Porot11680.t1, Populus_rotundifolia__Porot14186.t1	Populus_simonii__Posim08361.t1, Populus_simonii__Posim11154.t1	Populus_szechuanica__Posze10494.t1, Populus_szechuanica__Posze13143.t1	Populus_tremula__Potra2n2c6156.1	Populus_trichocarpa__Potri.002G031900.1.v4.1, Populus_trichocarpa__Potri.005G231300.1.v4.1	Populus_wuana__Powua07518.t1, Populus_wuana__Powua12410.t1	Populus_yunnanensis__Poyun12489.t1, Populus_yunnanensis__Poyun13101.t1
OG0000014	Populus_adenopoda__Poade09000.t1, Populus_adenopoda__Poade32076.t1	Populus_alba__KAL3581054.1, Populus_alba__KAL3597745.1	Populus_alba_var__pyramidalis__Poalv20188.t1, Populus_alba_var__pyramidalis__Poalv28518.t1	Populus_davidiana__Podav14514.t2, Populus_davidiana__Podav38153.t1	Populus_deltoide__Podel.04G207200.1.v2.1, Populus_deltoide__Podel.09G170300.1.v2.1	Populus_euphratica__Poeup20401.t1, Populus_euphratica__Poeup22971.t1	Populus_ilicifolia__evm.model.scaffold315_cov110.36, Populus_ilicifolia__evm.model.scaffold360_cov106.303	Populus_koreana__Pokor14205.t1	Populus_lasiocarpa__Polas14914.t1, Populus_lasiocarpa__Polas37373.t1	Populus_pruinosa__PprTF04G1606.1, Populus_pruinosa__PprTF09G1503.1	Populus_pseudoglauca__Popse07823.t1, Populus_pseudoglauca__Popse39227.t1	Populus_qiongdaoensis__Poqio10915.t1, Populus_qiongdaoensis__Poqio24543.t1	Populus_rotundifolia__Porot16550.t2, Populus_rotundifolia__Porot37520.t1	Populus_simonii__Posim13620.t1, Populus_simonii__Posim38083.t1	Populus_szechuanica__Posze09786.t1, Populus_szechuanica__Posze40505.t1	Populus_tremula__Potra2n4c10196.2, Populus_tremula__Potra2n9c18685.1	Populus_trichocarpa__Potri.004G203400.7.v4.1, Populus_trichocarpa__Potri.009G164300.4.v4.1	Populus_wuana__Powua10146.t1, Populus_wuana__Powua37459.t1	Populus_yunnanensis__Poyun07906.t1, Populus_yunnanensis__Poyun39401.t1
OG0000015	Populus_adenopoda__Poade12228.t6, Populus_adenopoda__Poade27519.t1	Populus_alba__KAL3584085.1, Populus_alba__KAL3591632.1	Populus_alba_var__pyramidalis__Poalv13268.t1, Populus_alba_var__pyramidalis__Poalv30456.t1	Populus_davidiana__Podav18103.t2, Populus_davidiana__Podav30657.t1	Populus_deltoide__Podel.05G089800.1.v2.1, Populus_deltoide__Podel.07G094400.1.v2.1	Populus_euphratica__GWHAAYU00000007_exon6_exon7_exon5_exon4_exon1_exon2_exon3.final, Populus_euphratica__Poeup28359.t1	Populus_ilicifolia__evm.model.scaffold37_cov106.72	Populus_koreana__Pokor08884.t4, Populus_koreana__Pokor33213.t2	Populus_lasiocarpa__Polas09491.t1, Populus_lasiocarpa__Polas28078.t1	Populus_pruinosa__Chr7_exon13_exon12_exon25_exon1_exon7_exon11.final, Populus_pruinosa__PprTF05G0599.1	Populus_pseudoglauca__Popse14446.t3, Populus_pseudoglauca__Popse30879.t2	Populus_qiongdaoensis__Poqio14830.t1, Populus_qiongdaoensis__Poqio19552.t1	Populus_rotundifolia__Porot10289.t5, Populus_rotundifolia__Porot31393.t1	Populus_simonii__Posim12607.t1, Populus_simonii__Posim32980.t2	Populus_szechuanica__Posze12036.t1, Populus_szechuanica__Posze33328.t2	Populus_tremula__Potra2n5c12122.1, Populus_tremula__Potra2n673s36378.3	Populus_trichocarpa__Potri.005G082000.10.v4.1, Populus_trichocarpa__Potri.007G085700.2.v4.1	Populus_wuana__Powua13859.t1, Populus_wuana__Powua29524.t1	Populus_yunnanensis__Poyun14544.t1, Populus_yunnanensis__Poyun29452.t1
OG0000016	Populus_adenopoda__Poade21926.t1, Populus_adenopoda__Poade28226.t1	Populus_alba__KAL3571432.1, Populus_alba__KAL3583397.1	Populus_alba_var__pyramidalis__Poalv07533.t1, Populus_alba_var__pyramidalis__Poalv12445.t1	Populus_davidiana__Podav22299.t1, Populus_davidiana__Podav29880.t1	Populus_deltoide__Podel.07G008900.1.v2.1, Populus_deltoide__Podel.14G003900.1.v2.1	Populus_euphratica__Poeup07252.t1	Populus_ilicifolia__evm.model.scaffold356_cov103.163, Populus_ilicifolia__evm.model.scaffold405_cov103.242	Populus_koreana__Pokor20825.t1, Populus_koreana__Pokor34003.t1	Populus_lasiocarpa__Polas25670.t1, Populus_lasiocarpa__Polas27272.t1	Populus_pruinosa__PprTF07G0062.1, Populus_pruinosa__PprTF14G1544.1	Populus_pseudoglauca__Popse24837.t1, Populus_pseudoglauca__Popse31692.t1	Populus_qiongdaoensis__Poqio18615.t1, Populus_qiongdaoensis__Poqio32198.t1	Populus_rotundifolia__Porot23987.t1, Populus_rotundifolia__Porot30591.t1	Populus_simonii__Posim26387.t1, Populus_simonii__Posim33766.t1	Populus_szechuanica__Posze26031.t1, Populus_szechuanica__Posze34220.t1	Populus_tremula__Potra2n14c26371.1, Populus_tremula__Potra2n7c16587.1	Populus_trichocarpa__Potri.007G006900.2.v4.1, Populus_trichocarpa__Potri.014G007100.2.v4.1	Populus_wuana__Powua24601.t1, Populus_wuana__Powua30352.t1	Populus_yunnanensis__Poyun27436.t1, Populus_yunnanensis__Poyun30358.t1
OG0000017	Populus_adenopoda__Poade23073.t1, Populus_adenopoda__Poade28342.t1	Populus_alba__KAL3565883.1, Populus_alba__KAL3574582.1	Populus_alba_var__pyramidalis__Poalv13978.t1, Populus_alba_var__pyramidalis__Poalv33591.t1	Populus_davidiana__Podav23845.t1, Populus_davidiana__Podav34041.t3	Populus_deltoide__Podel.13G197400.1.v2.1, Populus_deltoide__Podel.19G130700.1.v2.1, Populus_deltoide__Podel.T202900.1.v2.1	Populus_euphratica__Poeup31540.t1	Populus_ilicifolia__evm.model.scaffold38_cov107.34, Populus_ilicifolia__evm.model.scaffold717_cov110.46	Populus_koreana__Pokor25714.t1, Populus_koreana__Pokor28561.t3	Populus_lasiocarpa__Polas29929.t1, Populus_lasiocarpa__Polas32970.t3	Populus_pruinosa__PprTF13G1197.1, Populus_pruinosa__PprTF19G0754.1	Populus_pseudoglauca__Popse20060.t1, Populus_pseudoglauca__Popse27260.t3	Populus_qiongdaoensis__Poqio32104.t1	Populus_rotundifolia__Porot18441.t1, Populus_rotundifolia__Porot31978.t3	Populus_simonii__Posim27819.t1, Populus_simonii__Posim30807.t2	Populus_szechuanica__Posze21891.t2, Populus_szechuanica__Posze31117.t1	Populus_tremula__Potra2n13c24971.1, Populus_tremula__Potra2n19c33290.1	Populus_trichocarpa__Potri.013G156900.1.v4.1, Populus_trichocarpa__Potri.019G130000.1.v4.1	Populus_wuana__Powua25225.t1, Populus_wuana__Powua26029.t3	Populus_yunnanensis__Poyun25523.t3, Populus_yunnanensis__Poyun28840.t2
OG0000018	Populus_adenopoda__Poade07560.t3, Populus_adenopoda__Poade21792.t1	Populus_alba__KAL3571576.1, Populus_alba__KAL3603824.1	Populus_alba_var__pyramidalis__Poalv07705.t1, Populus_alba_var__pyramidalis__Poalv25164.t1	Populus_davidiana__Podav12824.t2, Populus_davidiana__Podav22160.t3	Populus_deltoide__Podel.02G138200.1.v2.1, Populus_deltoide__Podel.14G027800.1.v2.1	Populus_euphratica__Poeup15484.t1	Populus_ilicifolia__evm.model.scaffold164_cov102.297, Populus_ilicifolia__evm.model.scaffold356_cov103.3	Populus_koreana__Pokor11013.t1, Populus_koreana__Pokor20676.t1	Populus_lasiocarpa__Polas11639.t5, Populus_lasiocarpa__Polas25508.t2	Populus_pruinosa__PprTF02G1156.1, Populus_pruinosa__PprTF14G1397.1	Populus_pseudoglauca__Popse11232.t3, Populus_pseudoglauca__Popse24692.t2	Populus_qiongdaoensis__Poqio06806.t1	Populus_rotundifolia__Porot13247.t4, Populus_rotundifolia__Porot23835.t1	Populus_simonii__Posim09290.t5, Populus_simonii__Posim26241.t1	Populus_szechuanica__Posze14134.t2, Populus_szechuanica__Posze26182.t1	Populus_tremula__Potra2n14c26536.2, Populus_tremula__Potra2n2c5269.1	Populus_trichocarpa__Potri.002G125400.1.v4.1, Populus_trichocarpa__Potri.014G028200.2.v4.1	Populus_wuana__Powua08441.t3, Populus_wuana__Powua24444.t1	Populus_yunnanensis__Poyun11514.t2, Populus_yunnanensis__Poyun27271.t1
OG0000019	Populus_adenopoda__Poade08078.t1, Populus_adenopoda__Poade11339.t1	Populus_alba__KAL3572716.1, Populus_alba__KAL3592544.1	Populus_alba_var__pyramidalis__Poalv25697.t1	Populus_davidiana__Podav12278.t1, Populus_davidiana__Podav17111.t1	Populus_deltoide__Podel.02G075200.1.v2.1, Populus_deltoide__Podel.05G202400.1.v2.1	Populus_euphratica__Poeup16041.t1	Populus_ilicifolia__evm.model.scaffold48_cov100.38, Populus_ilicifolia__evm.model.scaffold5_cov102.260	Populus_koreana__Pokor07846.t1, Populus_koreana__Pokor11579.t1	Populus_lasiocarpa__Polas08322.t1, Populus_lasiocarpa__Polas12218.t1	Populus_pruinosa__PprTF02G0637.1, Populus_pruinosa__PprTF05G1494.1	Populus_pseudoglauca__Popse10662.t1, Populus_pseudoglauca__Popse13385.t1	Populus_qiongdaoensis__Poqio07324.t1, Populus_qiongdaoensis__Poqio13823.t1	Populus_rotundifolia__Porot11305.t1, Populus_rotundifolia__Porot13810.t1	Populus_simonii__Posim08738.t1, Populus_simonii__Posim11539.t1	Populus_szechuanica__Posze10913.t1, Populus_szechuanica__Posze13539.t1	Populus_tremula__Potra2n2c5788.2, Populus_tremula__Potra2n5c11148.1	Populus_trichocarpa__Potri.002G069500.1.v4.1, Populus_trichocarpa__Potri.005G190700.1.v4.1	Populus_wuana__Powua07885.t1, Populus_wuana__Powua12788.t1	Populus_yunnanensis__Poyun12099.t1, Populus_yunnanensis__Poyun13489.t1
OG0000020	Populus_adenopoda__Poade16685.t1, Populus_adenopoda__Poade16832.t1	Populus_alba__KAL3579546.1, Populus_alba__KAL3581175.1	Populus_alba_var__pyramidalis__Poalv31233.t1, Populus_alba_var__pyramidalis__Poalv38588.t1	Populus_davidiana__Podav26188.t1, Populus_davidiana__Podav28255.t1	Populus_deltoide__Podel.08G016000.1.v2.1, Populus_deltoide__Podel.10G255600.1.v2.1	Populus_euphratica__Poeup34395.t1	Populus_ilicifolia__evm.model.scaffold1832_cov110.20	Populus_koreana__Pokor16848.t1, Populus_koreana__Pokor22374.t1	Populus_lasiocarpa__Polas15326.t1, Populus_lasiocarpa__Polas22349.t1	Populus_pruinosa__PprTF08G0080.1, Populus_pruinosa__PprTF10G0077.1	Populus_pseudoglauca__Popse19905.t1, Populus_pseudoglauca__Popse24956.t1	Populus_qiongdaoensis__Poqio20369.t1, Populus_qiongdaoensis__Poqio27318.t1	Populus_rotundifolia__Porot19956.t1, Populus_rotundifolia__Porot27620.t1	Populus_simonii__Posim18360.t1, Populus_simonii__Posim23017.t1	Populus_szechuanica__Posze20344.t1, Populus_szechuanica__Posze22050.t1	Populus_tremula__Potra2n10c20174.1, Populus_tremula__Potra2n8c16719.1	Populus_trichocarpa__Potri.008G010800.1.v4.1, Populus_trichocarpa__Potri.010G248100.1.v4.1	Populus_wuana__Powua16832.t1, Populus_wuana__Powua19298.t1	Populus_yunnanensis__Poyun17726.t1, Populus_yunnanensis__Poyun21647.t1
OG0000021	Populus_adenopoda__Poade09399.t1, Populus_adenopoda__Poade32472.t1	Populus_alba__KAL3580672.1, Populus_alba__KAL3597373.1	Populus_alba_var__pyramidalis__Poalv19699.t1, Populus_alba_var__pyramidalis__Poalv27952.t1	Populus_davidiana__Podav14892.t1, Populus_davidiana__Podav37750.t1	Populus_deltoide__Podel.04G162300.1.v2.1, Populus_deltoide__Podel.09G125000.1.v2.1		Populus_ilicifolia__evm.model.scaffold117_cov106.117, Populus_ilicifolia__evm.model.scaffold428_cov103.57	Populus_koreana__Pokor13775.t1, Populus_koreana__Pokor35912.t1	Populus_lasiocarpa__Polas14449.t1, Populus_lasiocarpa__Polas37794.t1	Populus_pruinosa__PprTF04G1247.1, Populus_pruinosa__PprTF09G1109.1	Populus_pseudoglauca__Popse08286.t1, Populus_pseudoglauca__Popse38800.t1	Populus_qiongdaoensis__Poqio11392.t1, Populus_qiongdaoensis__Poqio24064.t1	Populus_rotundifolia__Porot16960.t1, Populus_rotundifolia__Porot37110.t1	Populus_simonii__Posim14051.t1, Populus_simonii__Posim38499.t1	Populus_szechuanica__Posze09341.t1, Populus_szechuanica__Posze40062.t1	Populus_tremula__Potra2n4c9844.1	Populus_trichocarpa__Potri.004G158200.1.v4.1, Populus_trichocarpa__Potri.009G119700.1.v4.1	Populus_wuana__Powua10572.t1, Populus_wuana__Powua37036.t1	Populus_yunnanensis__Poyun08374.t1, Populus_yunnanensis__Poyun38985.t1
OG0000022	Populus_adenopoda__Poade16631.t1, Populus_adenopoda__Poade16887.t2	Populus_alba__KAL3579501.1, Populus_alba__KAL3581240.1	Populus_alba_var__pyramidalis__Poalv31286.t1, Populus_alba_var__pyramidalis__Poalv38520.t1	Populus_davidiana__Podav26132.t1, Populus_davidiana__Podav28189.t1	Populus_deltoide__Podel.08G024100.1.v2.1, Populus_deltoide__Podel.10G249700.1.v2.1	Populus_euphratica__Poeup20601.t1, Populus_euphratica__Poeup34446.t1	Populus_ilicifolia__evm.model.scaffold730_cov109.10	Populus_koreana__Pokor16792.t1, Populus_koreana__Pokor22447.t1	Populus_lasiocarpa__Polas22270.t1	Populus_pruinosa__PprTF08G0148.1, Populus_pruinosa__PprTF10G0131.1	Populus_pseudoglauca__Popse19847.t1, Populus_pseudoglauca__Popse25052.t3	Populus_qiongdaoensis__Poqio20464.t1, Populus_qiongdaoensis__Poqio27244.t1	Populus_rotundifolia__Porot20018.t1, Populus_rotundifolia__Porot27540.t2	Populus_simonii__Posim18414.t1	Populus_szechuanica__Posze20284.t1, Populus_szechuanica__Posze22131.t1	Populus_tremula__Potra2n8c16778.1	Populus_trichocarpa__Potri.008G018400.2.v4.1, Populus_trichocarpa__Potri.010G242800.3.v4.1	Populus_wuana__Powua16886.t1, Populus_wuana__Powua19372.t1	Populus_yunnanensis__Poyun17659.t3, Populus_yunnanensis__Poyun21720.t1
OG0000023	Populus_adenopoda__Poade09548.t1	Populus_alba__KAL3597232.1, Populus_alba__KAL3597302.1	Populus_alba_var__pyramidalis__Poalv27752.t1, Populus_alba_var__pyramidalis__Poalv27762.t1	Populus_davidiana__Podav15053.t1	Populus_deltoide__Podel.04G145800.1.v2.1	Populus_euphratica__Poeup23537.t1	Populus_ilicifolia__evm.model.scaffold401_cov111.66	Populus_koreana__Pokor13622.t1	Populus_lasiocarpa__Polas14286.t1	Populus_pruinosa__PprTF04G1093.1	Populus_pseudoglauca__Popse08451.t1	Populus_qiongdaoensis__Poqio11583.t1	Populus_rotundifolia__Porot17120.t1	Populus_simonii__Posim14213.t1	Populus_szechuanica__Posze09165.t1	Populus_tremula__Potra2n4c9694.1	Populus_trichocarpa__Potri.004G140600.12.v4.1	Populus_wuana__Powua10727.t1	Populus_yunnanensis__Poyun08543.t1
OG0000024	Populus_adenopoda__Poade14010.t1	Populus_alba__KAL3598797.1	Populus_alba_var__pyramidalis__Poalv22959.t1	Populus_davidiana__Podav06126.t1	Populus_deltoide__Podel.01G146300.1.v2.1, Populus_deltoide__Podel.03G103300.1.v2.1	Populus_euphratica__Poeup17587.t1	Populus_ilicifolia__evm.model.scaffold1515_cov109.21, Populus_ilicifolia__evm.model.scaffold1665_cov104.5	Populus_koreana__Pokor17831.t1	Populus_lasiocarpa__Polas18714.t1	Populus_pruinosa__PprTF03G0748.1	Populus_pseudoglauca__Popse16203.t1	Populus_qiongdaoensis__Poqio09499.t1	Populus_rotundifolia__Porot05623.t1	Populus_simonii__Posim16949.t1	Populus_szechuanica__Posze16640.t1	Populus_tremula__Potra2n3c7639.1	Populus_trichocarpa__Potri.003G097600.1.v4.1	Populus_wuana__Powua15544.t1	Populus_yunnanensis__Poyun18737.t1
OG0000025	Populus_adenopoda__Poade14703.t1	Populus_alba__KAL3598114.1	Populus_alba_var__pyramidalis__Poalv23629.t1	Populus_davidiana__Podav07035.t1	Populus_deltoide__Podel.03G013600.1.v2.1, Populus_deltoide__Podel.12G065200.1.v2.1	Populus_euphratica__Poeup16832.t1, Populus_euphratica__Poeup16840.t1	Populus_ilicifolia__evm.model.scaffold2195_cov107.5	Populus_koreana__Pokor17035.t1	Populus_lasiocarpa__Polas17904.t1	Populus_pruinosa__PprTF03G0087.1	Populus_pseudoglauca__Popse15326.t1, Populus_pseudoglauca__Popse15351.t1		Populus_rotundifolia__Porot04803.t1	Populus_simonii__Posim15800.t1	Populus_szechuanica__Posze15760.t1, Populus_szechuanica__Posze15765.t1		Populus_trichocarpa__Potri.003G014800.3.v4.1		Populus_yunnanensis__Poyun17940.t1
OG0000026	Populus_adenopoda__Poade21262.t5	Populus_alba__KAL3572086.1	Populus_alba_var_pyramidalis__GWHACDA00000010_exon10_exon6_exon11_exon4_exon5_exon1_exon2_exon7.final	Populus_davidiana__Podav21593.t1	Populus_deltoide__Podel.14G095600.1.v2.1	Populus_euphratica__Poeup11104.t1	Populus_ilicifolia__evm.model.scaffold352_cov102.211	Populus_koreana__Pokor20126.t1	Populus_lasiocarpa__Polas24928.t5	Populus_pruinosa__PprTF14G0885.1	Populus_pseudoglauca__Popse24122.t6	Populus_qiongdaoensis__Poqio33030.t1, Populus_qiongdaoensis__Poqio33031.t1	Populus_rotundifolia__Porot23290.t1	Populus_simonii__Posim25685.t1	Populus_szechuanica__Posze26782.t1	Populus_tremula__Potra2n14c27082.1	Populus_trichocarpa__Potri.014G094200.7.v4.1	Populus_wuana__Powua23901.t7	Populus_yunnanensis__Poyun26694.t1
OG0000027	Populus_adenopoda__Poade28580.t1	Populus_alba__CM100082.1_exon1_exon4_exon6.final, Populus_alba__KAL3574345.1	Populus_alba_var__pyramidalis__Poalv14254.t1	Populus_davidiana__Podav33798.t1	Populus_deltoide__Podel.13G134200.1.v2.1	Populus_euphratica__Poeup31292.t1	Populus_ilicifolia__evm.model.scaffold46_cov108.18	Populus_koreana__Pokor28292.t1	Populus_lasiocarpa__LG15_exon3_exon2_exon1_exon5.final	Populus_pruinosa__PprTF13G0979.1	Populus_pseudoglauca__LG12_exon3_exon2_exon1_exon5.final	Populus_qiongdaoensis__Poqio31811.t1	Populus_rotundifolia__Porot32217.t1	Populus_simonii__Posim30558.t1	Populus_szechuanica__Posze30831.t1	Populus_tremula__Potra2n13c25219.1	Populus_trichocarpa__Potri.013G124400.1.v4.1	Populus_wuana__Powua26268.t1	Populus_yunnanensis__Poyun25249.t1
OG0000028	Populus_adenopoda__Poade30339.t1	Populus_alba__KAL3568951.1	Populus_alba_var__pyramidalis__Poalv16639.t1, Populus_alba_var__pyramidalis__Poalv16651.t1	Populus_davidiana__Podav34703.t1	Populus_deltoide__Podel.16G035200.1.v2.1	Populus_euphratica__Poeup09810.t1	Populus_ilicifolia__evm.model.scaffold298_cov112.12	Populus_koreana__Pokor30244.t1	Populus_lasiocarpa__Polas34753.t1	Populus_pruinosa__PprTF16G0239.1	Populus_pseudoglauca__Popse35928.t1	Populus_qiongdaoensis__Poqio36060.t1	Populus_rotundifolia__Porot27949.t1	Populus_simonii__Posim36388.t1	Populus_szechuanica__Posze32413.t1	Populus_tremula__Potra2n16c29497.1	Populus_trichocarpa__Potri.016G032400.1.v4.1	Populus_wuana__Powua33493.t1	Populus_yunnanensis__Poyun36071.t1
OG0000029	Populus_adenopoda__Poade00686.t1	Populus_alba__KAL3612257.1	Populus_alba_var__pyramidalis__Poalv00902.t1	Populus_davidiana__Podav03898.t2	Populus_deltoide__Podel.01G399500.1.v2.1	Populus_euphratica__Poeup00835.t1	Populus_ilicifolia__evm.model.scaffold1242_cov106.13	Populus_koreana__Pokor00802.t1	Populus_lasiocarpa__Polas03877.t1	Populus_pruinosa__PprTF01G3154.1	Populus_pseudoglauca__Popse00863.t1	Populus_qiongdaoensis__Poqio00925.t1	Populus_rotundifolia__Porot03725.t4	Populus_simonii__Posim01132.t1	Populus_szechuanica__Posze03924.t1	Populus_tremula__Potra2n1c3284.1	Populus_trichocarpa__Potri.001G374200.2.v4.1	Populus_wuana__Powua03736.t1	Populus_yunnanensis__Poyun03859.t1
OG0000030	Populus_adenopoda__Poade00715.t1	Populus_alba__KAL3612229.1	Populus_alba_var__pyramidalis__Poalv00947.t1	Populus_davidiana__Podav03852.t1	Populus_deltoide__Podel.T050600.1.v2.1	Populus_euphratica__Poeup00866.t1	Populus_ilicifolia__evm.model.scaffold1048_cov104.4	Populus_koreana__Pokor00834.t1	Populus_lasiocarpa__Polas03841.t1	Populus_pruinosa__PprTF01G3123.1	Populus_pseudoglauca__Popse00894.t1	Populus_qiongdaoensis__Poqio00963.t1	Populus_rotundifolia__Porot03692.t1	Populus_simonii__Posim01166.t1	Populus_szechuanica__Posze03889.t1	Populus_tremula__Potra2n1c3253.1	Populus_trichocarpa__Potri.001G371300.1.v4.1	Populus_wuana__Powua03704.t1	Populus_yunnanensis__Poyun03826.t1
OG0000031	Populus_adenopoda__Poade03264.t1	Populus_alba__KAL3609676.1	Populus_alba_var__pyramidalis__Poalv03825.t1	Populus_davidiana__Podav00889.t2	Populus_deltoide__Podel.01G081100.1.v2.1	Populus_euphratica__Poeup03820.t1	Populus_ilicifolia__evm.model.scaffold82_cov102.105	Populus_koreana__Pokor03773.t1	Populus_lasiocarpa__Polas00786.t3	Populus_pruinosa__PprTF01G0624.1	Populus_pseudoglauca__Popse03871.t1	Populus_qiongdaoensis__Poqio04355.t1	Populus_rotundifolia__Porot00761.t1	Populus_simonii__Posim04209.t1	Populus_szechuanica__Posze00822.t1	Populus_tremula__Potra2n1c627.1	Populus_trichocarpa__Potri.001G077900.3.v4.1	Populus_wuana__Powua00746.t1	Populus_yunnanensis__Poyun00734.t1
OG0000032	Populus_adenopoda__Poade04191.t1	Populus_alba__KAL3585141.1	Populus_alba_var__pyramidalis__Poalv04897.t1	Populus_davidiana__Podav09618.t1	Populus_deltoide__Podel.06G028300.1.v2.1, Populus_deltoide__Podel.T273900.1.v2.1		Populus_ilicifolia__evm.model.scaffold894_cov107.19	Populus_koreana__Pokor04704.t2	Populus_lasiocarpa__Polas07347.t1	Populus_pruinosa__PprTF06G0192.1	Populus_pseudoglauca__Popse04944.t2	Populus_qiongdaoensis__Poqio18289.t1, Populus_qiongdaoensis__Poqio18290.t1	Populus_rotundifolia__Porot07125.t2	Populus_simonii__Posim05549.t1	Populus_szechuanica__Posze07373.t3	Populus_tremula__Potra2n6c15166.1	Populus_trichocarpa__Potri.006G025800.2.v4.1	Populus_wuana__Powua06988.t1	
OG0000033	Populus_adenopoda__Poade04249.t1	Populus_alba__KAL3585192.1	Populus_alba_var__pyramidalis__Poalv04962.t1	Populus_davidiana__Podav09558.t1	Populus_deltoide__Podel.06G035100.1.v2.1	Populus_euphratica__Poeup25318.t1	Populus_ilicifolia__evm.model.scaffold894_cov107.82	Populus_koreana__Pokor04768.t1	Populus_lasiocarpa__Polas07281.t1	Populus_pruinosa__PprTF06G0248.1	Populus_pseudoglauca__Popse05016.t1	Populus_qiongdaoensis__Poqio18216.t1	Populus_rotundifolia__Porot07183.t1	Populus_simonii__Posim05607.t1	Populus_szechuanica__Posze07311.t1	Populus_tremula__Potra2n6c15115.1	Populus_trichocarpa__Potri.006G034500.1.v4.1	Populus_wuana__Powua06928.t1	Populus_yunnanensis__Poyun07305.t1
OG0000034	Populus_adenopoda__Poade04471.t1	Populus_alba__KAL3585398.1	Populus_alba_var__pyramidalis__Poalv05236.t1	Populus_davidiana__Podav09329.t1	Populus_deltoide__Podel.06G061000.1.v2.1	Populus_euphratica__Poeup25547.t1	Populus_ilicifolia__evm.model.scaffold258_cov104.68	Populus_koreana__Pokor05001.t1	Populus_lasiocarpa__Polas07024.t1	Populus_pruinosa__PprTF06G0476.1	Populus_pseudoglauca__Popse05248.t2	Populus_qiongdaoensis__Poqio17942.t1	Populus_rotundifolia__Porot07418.t1	Populus_simonii__Posim05853.t1	Populus_szechuanica__Posze07069.t1	Populus_tremula__Potra2n6c14875.1	Populus_trichocarpa__Potri.006G058800.4.v4.1	Populus_wuana__Powua06688.t1	Populus_yunnanensis__Poyun07052.t1
OG0000035	Populus_adenopoda__Poade06358.t1	Populus_alba__KAL3587260.1	Populus_alba_var__pyramidalis__Poalv07460.t1	Populus_davidiana__Podav07257.t1	Populus_deltoide__Podel.06G291000.1.v2.1	Populus_euphratica__Poeup27629.t1	Populus_ilicifolia__evm.model.scaffold365_cov106.2	Populus_koreana__Pokor07072.t1	Populus_lasiocarpa__Polas04789.t1	Populus_pruinosa__PprTF06G2310.1	Populus_pseudoglauca__Popse07412.t2	Populus_qiongdaoensis__Poqio15694.t1	Populus_rotundifolia__Porot09445.t1	Populus_simonii__Posim07958.t1	Populus_szechuanica__Posze04826.t1	Populus_tremula__Potra2n6c12860.1	Populus_trichocarpa__Potri.006G277800.6.v4.1	Populus_wuana__LG02_exon4_exon2_exon1_exon3_exon5_exon6.final	Populus_yunnanensis__Poyun04825.t1
OG0000036	Populus_adenopoda__Poade07652.t1	Populus_alba__KAL3603737.1	Populus_alba_var__pyramidalis__Poalv25252.t1	Populus_davidiana__Podav12727.t1	Populus_deltoide__Podel.02G126600.1.v2.1	Populus_euphratica__Poeup15583.t1	Populus_ilicifolia__evm.model.scaffold164_cov102.199	Populus_koreana__Pokor11111.t1	Populus_lasiocarpa__Polas11739.t1	Populus_pruinosa__PprTF02G1062.1	Populus_pseudoglauca__Popse11135.t1	Populus_qiongdaoensis__Poqio06912.t1	Populus_rotundifolia__Porot13343.t1	Populus_simonii__Posim09189.t1	Populus_szechuanica__Posze14031.t1	Populus_tremula__chr2_exon3.final	Populus_trichocarpa__Potri.002G115900.1.v4.1	Populus_wuana__Powua08341.t1	Populus_yunnanensis__Poyun11621.t1
OG0000037	Populus_adenopoda__Poade08096.t2	Populus_alba__KAL3572695.1	Populus_alba_var__pyramidalis__Poalv25724.t1	Populus_davidiana__Podav12259.t2	Populus_deltoide__Podel.02G073000.1.v2.1	Populus_euphratica__Poeup16066.t1	Populus_ilicifolia__evm.model.scaffold336_cov105.14	Populus_koreana__Pokor11600.t2	Populus_lasiocarpa__Polas12238.t2	Populus_pruinosa__PprTF02G0617.1	Populus_pseudoglauca__Popse10640.t2	Populus_qiongdaoensis__Poqio07343.t1	Populus_rotundifolia__Porot13832.t1	Populus_simonii__Posim08716.t2	Populus_szechuanica__Posze13517.t1	Populus_tremula__Potra2n2c5816.1	Populus_trichocarpa__Potri.002G067400.2.v4.1	Populus_wuana__Powua07863.t2	Populus_yunnanensis__Poyun12121.t2
OG0000038	Populus_adenopoda__Poade09789.t1	Populus_alba__KAL3596973.1	Populus_alba_var__pyramidalis__Poalv27490.t1	Populus_davidiana__Podav15313.t1	Populus_deltoide__Podel.04G121600.1.v2.1	Populus_euphratica__Poeup23972.t1	Populus_ilicifolia__evm.model.scaffold2971_cov84.1	Populus_koreana__Pokor13333.t1	Populus_lasiocarpa__Polas13981.t1	Populus_pruinosa__PprTF04G0874.1	Populus_pseudoglauca__Popse08784.t1	Populus_qiongdaoensis__Poqio11897.t1	Populus_rotundifolia__Porot17401.t1	Populus_simonii__Posim14508.t1	Populus_szechuanica__Posze08819.t1	Populus_tremula__Potra2n4c9450.1	Populus_trichocarpa__Potri.004G111100.1.v4.1	Populus_wuana__Powua11083.t1	Populus_yunnanensis__Poyun08872.t1
OG0000039	Populus_adenopoda__Poade10738.t1	Populus_alba__KAL3593137.1	Populus_alba_var__pyramidalis__Poalv28841.t1	Populus_davidiana__Podav16447.t2	Populus_deltoide__Podel.05G274400.1.v2.1	Populus_euphratica__Poeup37189.t1	Populus_ilicifolia__evm.model.scaffold96_cov103.19	Populus_koreana__Pokor07162.t1	Populus_lasiocarpa__Polas07625.t1	Populus_pruinosa__PprTF05G2126.1	Populus_pseudoglauca__Popse12700.t1	Populus_qiongdaoensis__Poqio12969.t1	Populus_rotundifolia__Porot11949.t1	Populus_simonii__Posim10866.t1	Populus_szechuanica__Posze10161.t1	Populus_tremula__Potra2n5c10513.1	Populus_trichocarpa__Potri.005G257900.2.v4.1	Populus_wuana__Powua12146.t1	Populus_yunnanensis__Poyun12828.t1
OG0000040	Populus_adenopoda__Poade10875.t1	Populus_alba__KAL3593011.1	Populus_alba_var__pyramidalis__Poalv28987.t1	Populus_davidiana__Podav16605.t1	Populus_deltoide__Podel.05G259400.1.v2.1	Populus_euphratica__Poeup29916.t1	Populus_ilicifolia__evm.model.scaffold96_cov103.172	Populus_koreana__Pokor07333.t1	Populus_lasiocarpa__Polas07783.t1	Populus_pruinosa__PprTF05G1985.1	Populus_pseudoglauca__Popse12864.t2	Populus_qiongdaoensis__Poqio13163.t1	Populus_rotundifolia__Porot11801.t1	Populus_simonii__Posim11025.t1	Populus_szechuanica__Posze10358.t1	Populus_tremula__Potra2n5c10648.1	Populus_trichocarpa__Potri.005G243400.3.v4.1	Populus_wuana__Powua12284.t1	Populus_yunnanensis__Poyun12974.t1
OG0000041	Populus_adenopoda__Poade11321.t1	Populus_alba__KAL3592565.1	Populus_alba_var__pyramidalis__Poalv29504.t1	Populus_davidiana__Podav17092.t1	Populus_deltoide__Podel.05G204500.1.v2.1	Populus_euphratica__Poeup29412.t1	Populus_ilicifolia__evm.model.scaffold48_cov100.22	Populus_koreana__Pokor07823.t1	Populus_lasiocarpa__Polas08298.t1	Populus_pruinosa__PprTF05G1515.1	Populus_pseudoglauca__Popse13368.t1	Populus_qiongdaoensis__Poqio13798.t1	Populus_rotundifolia__Porot11325.t1	Populus_simonii__Posim11520.t1	Populus_szechuanica__Posze10893.t1	Populus_tremula__Potra2n5c11128.4	Populus_trichocarpa__Potri.005G192900.1.v4.1	Populus_wuana__Powua12772.t1	Populus_yunnanensis__Poyun13472.t1
OG0000042	Populus_adenopoda__Poade13011.t1		Populus_alba_var__pyramidalis__Poalv21832.t1	Populus_davidiana__Podav05101.t1	Populus_deltoide__Podel.03G221100.1.v2.1	Populus_euphratica__Poeup18622.t1	Populus_ilicifolia__evm.model.scaffold12_cov109.75	Populus_koreana__Pokor18855.t2	Populus_lasiocarpa__Polas19846.t2	Populus_pruinosa__PprTF03G1727.1	Populus_pseudoglauca__Popse17251.t2	Populus_qiongdaoensis__Poqio08268.t1, Populus_qiongdaoensis__Poqio08269.t1	Populus_rotundifolia__Porot06665.t1	Populus_simonii__Posim18020.t1	Populus_szechuanica__Posze17748.t1	Populus_tremula__Potra2n3c6630.1	Populus_trichocarpa__Potri.003G204400.3.v4.1	Populus_wuana__Powua16572.t2	Populus_yunnanensis__Poyun19771.t1
OG0000043	Populus_adenopoda__Poade15729.t1	Populus_alba__KAL3582114.1	Populus_alba_var__pyramidalis__Poalv37504.t1	Populus_davidiana__Podav27261.t1	Populus_deltoide__Podel.08G139300.1.v2.1	Populus_euphratica__Poeup21569.t1	Populus_ilicifolia__evm.model.scaffold546_cov105.16	Populus_koreana__Pokor23428.t1	Populus_lasiocarpa__Polas21226.t1	Populus_pruinosa__PprTF08G1056.1	Populus_pseudoglauca__Popse26066.t1	Populus_qiongdaoensis__Poqio21650.t1	Populus_rotundifolia__Porot26584.t1	Populus_simonii__Posim21915.t1	Populus_szechuanica__Posze23151.t1	Populus_tremula__Potra2n8c17714.1	Populus_trichocarpa__Potri.008G118300.1.v4.1	Populus_wuana__Powua20340.t1	Populus_yunnanensis__Poyun22730.t1
OG0000044	Populus_adenopoda__Poade18892.t1	Populus_alba__KAL3577481.1	Populus_alba_var_pyramidalis__GWHACDA00000006_exon6_exon5_exon3_exon4.final	Populus_davidiana__LG11_exon3_exon4.final, Populus_davidiana__Podav23989.t2	Populus_deltoide__Podel.10G004200.1.v2.1	Populus_euphratica__Poeup36885.t1	Populus_ilicifolia__evm.model.scaffold926_cov107.20	Populus_koreana__Pokor14560.t1	Populus_lasiocarpa__Polas17748.t1	Populus_pruinosa__PprTF10G2160.1	Populus_pseudoglauca__Popse17541.t1		Populus_rotundifolia__Porot22151.t3	Populus_simonii__Posim20653.t1	Populus_szechuanica__Posze04885.t1	Populus_tremula__Potra2n10c22315.3	Populus_trichocarpa__Potri.010G004200.1.v4.1	Populus_wuana__Powua19169.t1	Populus_yunnanensis__Poyun15313.t1
OG0000045	Populus_adenopoda__Poade29288.t1	Populus_alba__KAL3573666.1	Populus_alba_var__pyramidalis__Poalv15078.t1	Populus_davidiana__Podav33066.t1	Populus_deltoide__Podel.13G042700.1.v2.1	Populus_euphratica__Poeup30439.t1	Populus_ilicifolia__evm.model.scaffold184_cov104.8	Populus_koreana__Pokor27580.t1	Populus_lasiocarpa__Polas31910.t1	Populus_pruinosa__PprTF13G0347.1	Populus_pseudoglauca__Popse28384.t1	Populus_qiongdaoensis__Poqio31073.t1	Populus_rotundifolia__Porot32917.t1	Populus_simonii__Posim29756.t1	Populus_szechuanica__Posze29987.t1	Populus_tremula__Potra2n13c25941.1	Populus_trichocarpa__Potri.013G040700.1.v4.1	Populus_wuana__Powua27109.t1	Populus_yunnanensis__Poyun24421.t1
OG0000046	Populus_adenopoda__Poade30488.t1	Populus_alba__KAL3569131.1	Populus_alba_var__pyramidalis__Poalv16443.t1	Populus_davidiana__Podav34528.t1	Populus_deltoide__Podel.16G053400.1.v2.1	Populus_euphratica__Poeup09658.t1	Populus_ilicifolia__evm.model.scaffold185_cov102.77	Populus_koreana__Pokor30407.t3	Populus_lasiocarpa__Polas34928.t1	Populus_pruinosa__PprTF16G0373.1	Populus_pseudoglauca__Popse35754.t1	Populus_qiongdaoensis__Poqio36239.t1	Populus_rotundifolia__Porot28116.t1	Populus_simonii__Posim36225.t1	Populus_szechuanica__Posze32239.t1	Populus_tremula__Potra2n16c29680.1	Populus_trichocarpa__Potri.016G049200.2.v4.1	Populus_wuana__Powua33653.t1	Populus_yunnanensis__Poyun35903.t1
OG0000047	Populus_adenopoda__Poade32074.t1	Populus_alba__KAL3581056.1	Populus_alba_var__pyramidalis__Poalv20190.t1	Populus_davidiana__Podav38155.t2	Populus_deltoide__Podel.09G170500.1.v2.1	Populus_euphratica__Poeup20403.t1	Populus_ilicifolia__evm.model.scaffold315_cov110.38	Populus_koreana__Pokor35497.t1	Populus_lasiocarpa__Polas37371.t1	Populus_pruinosa__PprTF09G1505.1	Populus_pseudoglauca__Popse39229.t1	Populus_qiongdaoensis__Poqio24546.t1	Populus_rotundifolia__Porot37523.t1	Populus_simonii__Posim38081.t1	Populus_szechuanica__Posze40507.t1	Populus_tremula__Potra2n9c18683.1	Populus_trichocarpa__Potri.009G164500.4.v4.1	Populus_wuana__Powua37461.t3	Populus_yunnanensis__Poyun39403.t1
OG0000048	Populus_adenopoda__Poade32330.t1		Populus_alba_var__pyramidalis__Poalv19897.t1	Populus_davidiana__Podav37893.t1	Populus_deltoide__Podel.09G140100.1.v2.1	Populus_euphratica__Poeup20146.t1	Populus_ilicifolia__evm.model.scaffold100_cov105.25	Populus_koreana__Pokor35768.t1	Populus_lasiocarpa__Polas37652.t1	Populus_pruinosa__PprTF09G1244.1	Populus_pseudoglauca__Popse38948.t1	Populus_qiongdaoensis__Poqio24221.t1	Populus_rotundifolia__Porot37257.t1	Populus_simonii__Posim38354.t1	Populus_szechuanica__Posze40213.t1	Populus_tremula__Potra2n4c9990.2, Populus_tremula__Potra2n9c18937.1	Populus_trichocarpa__Potri.009G134900.1.v4.1	Populus_wuana__Powua37184.t1	Populus_yunnanensis__Poyun39134.t1
OG0000049	Populus_adenopoda__Poade03761.t1		Populus_alba_var__pyramidalis__Poalv04461.t1	Populus_davidiana__Podav00079.t1	Populus_deltoide__Podel.01G022400.1.v2.1	Populus_euphratica__Poeup04325.t1	Populus_ilicifolia__evm.model.scaffold168_cov108.80	Populus_koreana__Pokor04295.t1	Populus_lasiocarpa__Polas00241.t1	Populus_pruinosa__PprTF01G0179.1	Populus_pseudoglauca__Popse04443.t1	Populus_qiongdaoensis__Poqio04944.t1	Populus_rotundifolia__Porot00251.t1	Populus_simonii__Posim04754.t1	Populus_szechuanica__Posze00264.t1	Populus_tremula__Potra2n1c167.1	Populus_trichocarpa__Potri.001G020200.1.v4.1	Populus_wuana__Powua00234.t1	Populus_yunnanensis__Poyun00200.t1
OG0000050	Populus_adenopoda__Poade04691.t1	Populus_alba__KAL3585626.1	Populus_alba_var__pyramidalis__Poalv05535.t1	Populus_davidiana__Podav09071.t1	Populus_deltoide__Podel.06G089700.1.v2.1	Populus_euphratica__Poeup25797.t1	Populus_ilicifolia__evm.model.scaffold262_cov103.63	Populus_koreana__Pokor05239.t1	Populus_lasiocarpa__Polas06776.t1	Populus_pruinosa__PprTF06G0702.1	Populus_pseudoglauca__Popse05491.t1	Populus_qiongdaoensis__Poqio17699.t1		Populus_simonii__Posim06096.t1	Populus_szechuanica__Posze06818.t1	Populus_tremula__Potra2n6c14620.1	Populus_trichocarpa__Potri.006G083000.1.v4.1	Populus_wuana__Powua06456.t1	Populus_yunnanensis__Poyun06798.t1
OG0000051	Populus_adenopoda__Poade04971.t1	Populus_alba__KAL3585885.1	Populus_alba_var__pyramidalis__Poalv05845.t1	Populus_davidiana__Podav08779.t1	Populus_deltoide__Podel.06G124000.1.v2.1	Populus_euphratica__Poeup26094.t1	Populus_ilicifolia__evm.model.scaffold10_cov104.228	Populus_koreana__Pokor05542.t1	Populus_lasiocarpa__Polas06454.t2	Populus_pruinosa__PprTF06G0967.1	Populus_pseudoglauca__Popse05802.t1	Populus_qiongdaoensis__Poqio17356.t1	Populus_rotundifolia__Porot07991.t1	Populus_simonii__Posim06403.t1	Populus_szechuanica__Posze06506.t2		Populus_trichocarpa__Potri.006G114600.1.v4.1	Populus_wuana__Powua06175.t1	Populus_yunnanensis__Poyun06490.t1
OG0000052	Populus_adenopoda__Poade07193.t1	Populus_alba__KAL3604180.1	Populus_alba_var__pyramidalis__Poalv24793.t1	Populus_davidiana__Podav13205.t1	Populus_deltoide__Podel.02G186400.1.v2.1		Populus_ilicifolia__evm.model.scaffold130_cov102.107	Populus_koreana__Pokor10611.t4	Populus_lasiocarpa__Polas11210.t1	Populus_pruinosa__PprTF02G1525.1	Populus_pseudoglauca__Popse11648.t1	Populus_qiongdaoensis__Poqio06318.t1	Populus_rotundifolia__Porot12859.t2	Populus_simonii__Posim09701.t1	Populus_szechuanica__Posze14559.t3	Populus_tremula__Potra2n2c4901.2	Populus_trichocarpa__Potri.002G167100.2.v4.1	Populus_wuana__Powua08844.t1	Populus_yunnanensis__Poyun11068.t1
OG0000053	Populus_adenopoda__Poade08861.t1	Populus_alba__KAL3597872.1	Populus_alba_var__pyramidalis__Poalv28673.t1	Populus_davidiana__Podav14363.t1	Populus_deltoide__Podel.04G224800.1.v2.1	Populus_euphratica__Poeup22823.t1	Populus_ilicifolia__evm.model.scaffold360_cov106.150	Populus_koreana__Pokor14351.t1	Populus_lasiocarpa__Polas15062.t1	Populus_pruinosa__PprTF04G1737.1	Populus_pseudoglauca__Popse07661.t1	Populus_qiongdaoensis__Poqio10679.t1	Populus_rotundifolia__Porot16403.t2	Populus_simonii__Posim13466.t1	Populus_szechuanica__Posze09942.t1		Populus_trichocarpa__Potri.004G219100.1.v4.1	Populus_wuana__Powua09986.t1	Populus_yunnanensis__Poyun07742.t1
OG0000054	Populus_adenopoda__Poade09233.t2	Populus_alba__KAL3597498.1	Populus_alba_var__pyramidalis__Poalv28213.t1	Populus_davidiana__Podav14754.t1	Populus_deltoide__Podel.04G177500.1.v2.1	Populus_euphratica__Poeup23228.t1	Populus_ilicifolia__evm.model.scaffold152_cov107.55	Populus_koreana__Pokor13937.t4	Populus_lasiocarpa__Polas14621.t1	Populus_pruinosa__PprTF04G1381.1	Populus_pseudoglauca__Popse08126.t1	Populus_qiongdaoensis__Poqio11224.t1	Populus_rotundifolia__Porot16809.t2	Populus_simonii__Posim13892.t1	Populus_szechuanica__Posze09495.t4		Populus_trichocarpa__Potri.004G175200.4.v4.1	Populus_wuana__Powua10419.t1	Populus_yunnanensis__Poyun08220.t1
OG0000055	Populus_adenopoda__Poade16829.t1	Populus_alba__KAL3579548.1	Populus_alba_var__pyramidalis__Poalv31230.t1		Populus_deltoide__Podel.10G255800.1.v2.1	Populus_euphratica__Poeup34391.t1	Populus_ilicifolia__evm.model.scaffold1846_cov110.61, Populus_ilicifolia__evm.model.scaffold1846_cov110.64	Populus_koreana__Pokor16852.t1	Populus_lasiocarpa__Polas15321.t1	Populus_pruinosa__PprTF10G0074.1	Populus_pseudoglauca__Popse19909.t1	Populus_qiongdaoensis__Poqio27322.t1	Populus_rotundifolia__Porot19952.t1	Populus_simonii__Posim18356.t1	Populus_szechuanica__Posze20348.t1		Populus_trichocarpa__Potri.010G248300.2.v4.1	Populus_wuana__Powua16828.t1	Populus_yunnanensis__Poyun17730.t1
OG0000056	Populus_adenopoda__Poade21910.t1	Populus_alba__KAL3571452.1	Populus_alba_var__pyramidalis__Poalv07557.t1	Populus_davidiana__Podav22283.t1	Populus_deltoide__Podel.14G012700.1.v2.1		Populus_ilicifolia__evm.model.scaffold356_cov103.131	Populus_koreana__Pokor20805.t1	Populus_lasiocarpa__Polas25649.t1	Populus_pruinosa__PprTF14G1510.1	Populus_pseudoglauca__Popse24818.t1	Populus_qiongdaoensis__Poqio32232.t1	Populus_rotundifolia__Porot23969.t1	Populus_simonii__Posim26367.t1	Populus_szechuanica__Posze26050.t1	Populus_tremula__Potra2n14c26404.1	Populus_trichocarpa__Potri.014G013400.1.v4.1	Populus_wuana__Powua24583.t1	Populus_yunnanensis__Poyun27415.t1
OG0000057	Populus_adenopoda__Poade22862.t1	Populus_alba__KAL3565629.1		Populus_davidiana__Podav23606.t1	Populus_deltoide__Podel.19G089700.1.v2.1, Populus_deltoide__Podel.19G096300.1.v2.1, Populus_deltoide__Podel.T188200.1.v2.1	Populus_euphratica__Poeup33327.t1		Populus_koreana__Pokor25471.t1	Populus_lasiocarpa__Polas29673.t1	Populus_pruinosa__PprTF19G0581.1	Populus_pseudoglauca__Popse20327.t1		Populus_rotundifolia__Porot18721.t2	Populus_simonii__Posim27556.t1	Populus_szechuanica__Posze21606.t1	Populus_tremula__Potra2n19c33496.1	Populus_trichocarpa__Potri.019G091900.1.v4.1	Populus_wuana__Powua25524.t1	Populus_yunnanensis__Poyun28588.t1
OG0000058	Populus_adenopoda__Poade25063.t1	Populus_alba__KAL3570848.1		Populus_davidiana__Podav32244.t1	Populus_deltoide__Podel.15G051500.1.v2.1	Populus_euphratica__Poeup38371.t1	Populus_ilicifolia__evm.model.scaffold4416_cov112.1	Populus_koreana__Pokor34972.t1	Populus_lasiocarpa__Polas31015.t1	Populus_pruinosa__PprTF15G0408.1	Populus_pseudoglauca__Popse32258.t1	Populus_qiongdaoensis__Poqio35234.t1	Populus_rotundifolia__Porot34288.t1	Populus_simonii__Posim28830.t1	Populus_szechuanica__Posze36804.t1	Populus_tremula__Potra2n15c28778.1	Populus_trichocarpa__Potri.015G047700.1.v4.1	Populus_wuana__Powua32789.t1	Populus_yunnanensis__Poyun31446.t1
OG0000059	Populus_adenopoda__Poade32634.t5	Populus_alba__KAL3580513.1	Populus_alba_var__pyramidalis__Poalv19519.t1	Populus_davidiana__Podav37571.t2	Populus_deltoide__Podel.09G104000.1.v2.1		Populus_ilicifolia__evm.model.scaffold842_cov103.75	Populus_koreana__Pokor36089.t7	Populus_lasiocarpa__Polas37979.t4	Populus_pruinosa__PprTF09G0934.1	Populus_pseudoglauca__Popse38608.t10	Populus_qiongdaoensis__Poqio23859.t1	Populus_rotundifolia__Porot36925.t1	Populus_simonii__Posim38668.t4	Populus_szechuanica__Posze39869.t5	Populus_tremula__Potra2n9c19233.1	Populus_trichocarpa__Potri.009G101200.2.v4.1	Populus_wuana__Powua36853.t6	Populus_yunnanensis__Poyun38798.t6
OG0000060	Populus_adenopoda__Poade02703.t1	Populus_alba__KAL3610209.1	Populus_alba_var__pyramidalis__Poalv04249.t1	Populus_davidiana__Podav01471.t1		Populus_euphratica__GWHAAYU00000002_exon6_exon4_exon3_exon2_exon5_exon7_2dom.final		Populus_koreana__Pokor03155.t1	Populus_lasiocarpa__Polas01408.t2	Populus_pruinosa__PprTF01G1160.1	Populus_pseudoglauca__Popse03272.t1	Populus_qiongdaoensis__Poqio03623.t1	Populus_rotundifolia__Porot01337.t1	Populus_simonii__Posim03605.t1	Populus_szechuanica__Posze01450.t1	Populus_tremula__Potra2n1c1159.1	Populus_trichocarpa__Potri.001G136000.2.v4.1	Populus_wuana__Powua01322.t1	Populus_yunnanensis__Poyun01361.t1
OG0000061	Populus_adenopoda__Poade11981.t1	Populus_alba__KAL3591902.1		Populus_davidiana__Podav17834.t1		Populus_euphratica__GWHAAYU00000007_exon13.final	Populus_ilicifolia__evm.model.scaffold526_cov104.16	Populus_koreana__Pokor08609.t1	Populus_lasiocarpa__Polas09198.t1	Populus_pruinosa__PprTF05G0847.1	Populus_pseudoglauca__Popse14174.t1	Populus_qiongdaoensis__Poqio14530.t1	Populus_rotundifolia__Porot10569.t1	Populus_simonii__Posim12326.t1	Populus_szechuanica__Posze11754.t1	Populus_tremula__Potra2n5c11840.1	Populus_trichocarpa__Potri.005G109500.2.v4.1	Populus_wuana__Powua13584.t1	Populus_yunnanensis__Poyun14279.t1
OG0000062	Populus_adenopoda__Poade23530.t1	Populus_alba__KAL3568220.1	Populus_alba_var__pyramidalis__Poalv09808.t1	Populus_davidiana__Podav18988.t1	Populus_deltoide__Podel.17G110700.1.v2.1	Populus_euphratica__Poeup08208.t1	Populus_ilicifolia__evm.model.scaffold203_cov105.62	Populus_koreana__Pokor26387.t1	Populus_lasiocarpa__Polas33500.t1		Populus_pseudoglauca__Popse34228.t1	Populus_qiongdaoensis__Poqio37565.t1	Populus_rotundifolia__Porot15698.t1	Populus_simonii__Posim37540.t1	Populus_szechuanica__Posze28424.t1	Populus_tremula__Potra2n17c30999.1	Populus_trichocarpa__Potri.017G106700.2.v4.1		Populus_yunnanensis__Poyun32925.t1
OG0000063	Populus_adenopoda__Poade30269.t1	Populus_alba__KAL3568887.1	Populus_alba_var__pyramidalis__Poalv16732.t1	Populus_davidiana__Podav34761.t1	Populus_deltoide__Podel.16G028000.1.v2.1		Populus_ilicifolia__evm.model.scaffold1873_cov107.33	Populus_koreana__Pokor30183.t1	Populus_lasiocarpa__Polas34682.t1		Populus_pseudoglauca__Popse35995.t1	Populus_qiongdaoensis__Poqio35982.t1	Populus_rotundifolia__Porot27890.t1	Populus_simonii__Posim36453.t1	Populus_szechuanica__Posze32483.t1	Populus_tremula__Potra2n16c29445.1	Populus_trichocarpa__Potri.016G024000.1.v4.1	Populus_wuana__Powua33427.t1	Populus_yunnanensis__Poyun36138.t1
OG0000064	Populus_adenopoda__LG17_exon1_exon4_exon2_exon3_exon5.final	Populus_alba__KAL3569774.1	Populus_alba_var__pyramidalis__Poalv15682.t1	Populus_davidiana__Podav00031.t1	Populus_deltoide__Podel.16G127700.1.v2.1	Populus_euphratica__Poeup08905.t1	Populus_ilicifolia__evm.model.scaffold123_cov104.9	Populus_koreana__LG15_exon2_exon4_exon3_exon5.final	Populus_lasiocarpa__LG17_exon1_exon3_exon2.final		Populus_pseudoglauca__Popse35011.t1		Populus_rotundifolia__Porot28830.t1	Populus_simonii__LG17_exon1_exon4_exon2_exon3_exon5.final	Populus_szechuanica__Posze31430.t1	Populus_tremula__Potra2n16c30376.1	Populus_trichocarpa__Chr16_exon1_exon3_exon2_exon4.final	Populus_wuana__LG17_exon2_exon5_exon3_exon4_exon6.final	Populus_yunnanensis__Poyun35137.t1
OG0000065	Populus_adenopoda__Poade32876.t1	Populus_alba__KAL3580118.1		Populus_davidiana__Podav36695.t1	Populus_deltoide__Podel.09G076800.1.v2.1		Populus_ilicifolia__evm.model.scaffold4_cov105.293	Populus_koreana__Pokor36356.t1	Populus_lasiocarpa__Polas38244.t1	Populus_pruinosa__PprTF09G0692.1	Populus_pseudoglauca__Popse38344.t1		Populus_rotundifolia__Porot36547.t1	Populus_simonii__Posim38932.t1	Populus_szechuanica__Posze39596.t1	Populus_tremula__chr9_exon1.final	Populus_trichocarpa__Potri.009G075000.2.v4.1	Populus_wuana__Powua36599.t1	Populus_yunnanensis__Poyun38538.t1
OG0000066		Populus_alba__KAL3572608.1		Populus_davidiana__Podav12489.t1	Populus_deltoide__Podel.02G098600.1.v2.1	Populus_euphratica__Poeup15833.t1	Populus_ilicifolia__evm.model.scaffold5_cov102.48	Populus_koreana__Pokor11362.t1	Populus_lasiocarpa__Polas11998.t1	Populus_pruinosa__PprTF02G0833.1	Populus_pseudoglauca__Popse10874.t1		Populus_rotundifolia__Porot13594.t1	Populus_simonii__Posim08950.t1	Populus_szechuanica__Posze13761.t1	Populus_tremula__Potra2n2c5586.1	Populus_trichocarpa__Potri.002G090800.1.v4.1	Populus_wuana__Powua08092.t1	Populus_yunnanensis__Poyun11874.t1
OG0000067	Populus_adenopoda__Poade12499.t1	Populus_alba__KAL3591378.1	Populus_alba_var__pyramidalis__Poalv30757.t1	Populus_davidiana__Podav18361.t1	Populus_deltoide__Podel.05G057600.1.v2.1	Populus_euphratica__Poeup28102.t1	Populus_ilicifolia__evm.model.scaffold37_cov106.336	Populus_koreana__Pokor09174.t1	Populus_lasiocarpa__Polas09792.t1		Populus_pseudoglauca__Popse14728.t1		Populus_rotundifolia__Porot09994.t1	Populus_simonii__Posim12894.t1	Populus_szechuanica__Posze12355.t1		Populus_trichocarpa__Potri.005G053200.1.v4.1		
OG0000068	Populus_adenopoda__Poade02428.t1				Populus_deltoide__Podel.01G176700.1.v2.1	Populus_euphratica__Poeup02919.t1	Populus_ilicifolia__evm.model.scaffold491_cov103.5	Populus_koreana__Pokor02860.t1	Populus_lasiocarpa__Polas01725.t1	Populus_pruinosa__PprTF01G1431.1	Populus_pseudoglauca__Popse02970.t1		Populus_rotundifolia__Porot01641.t1	Populus_simonii__Posim03309.t1	Populus_szechuanica__Posze01761.t1			Populus_wuana__Powua01619.t1	Populus_yunnanensis__Poyun01675.t1
OG0000069	Populus_adenopoda__Poade32877.t1		Populus_alba_var__pyramidalis__Poalv19254.t1	Populus_davidiana__Podav36696.t1	Populus_deltoide__Podel.09G076700.1.v2.1		Populus_ilicifolia__evm.model.scaffold4_cov105.294			Populus_pruinosa__PprTF09G0691.1	Populus_pseudoglauca__Popse38343.t1	Populus_qiongdaoensis__Poqio23539.t1	Populus_rotundifolia__Porot36548.t1	Populus_simonii__Posim38933.t1		Populus_tremula__Potra2n9c19575.1	Populus_trichocarpa__Potri.009G074900.1.v4.1	Populus_wuana__Powua36598.t1	
OG0000070					Populus_deltoide__Podel.13G098000.1.v2.1	Populus_euphratica__Poeup30908.t1	Populus_ilicifolia__evm.model.scaffold951_cov116.2	Populus_koreana__Pokor28003.t2	Populus_lasiocarpa__Polas32402.t1	Populus_pruinosa__PprTF13G0736.1	Populus_pseudoglauca__Popse27809.t2			Populus_simonii__Posim30266.t1	Populus_szechuanica__Posze30521.t1		Populus_trichocarpa__Potri.013G091400.1.v4.1	Populus_wuana__Powua26591.t3	Populus_yunnanensis__Poyun24924.t2
OG0000071	Populus_adenopoda__Poade08543.t1	Populus_alba__KAL3603304.1				Populus_euphratica__Poeup16534.t1		Populus_koreana__Pokor12107.t2				Populus_qiongdaoensis__Poqio07827.t1		Populus_simonii__LG03_exon2.final		Populus_tremula__Potra2n2c6286.2	Populus_trichocarpa__Potri.002G018400.2.v4.1		Populus_yunnanensis__LG04_exon1.final, Populus_yunnanensis__Poyun12633.t3
OG0000072			Populus_alba_var__pyramidalis__Poalv16956.t1		Populus_deltoide__Podel.15G150000.1.v2.1	Populus_euphratica__Poeup12817.t1		Populus_koreana__Pokor34078.t1				Populus_qiongdaoensis__Poqio34145.t1		Populus_simonii__Posim27880.t1			Populus_trichocarpa__Potri.015G147800.1.v4.1		
OG0000073		Populus_alba__KAL3578523.1				Populus_euphratica__Poeup35526.t1	Populus_ilicifolia__evm.model.scaffold327_cov106.15	Populus_koreana__Pokor15707.t1						Populus_simonii__Posim19510.t1					
OG0000074						Populus_euphratica__Poeup06486.t1	Populus_ilicifolia__evm.model.scaffold726_cov101.14, Populus_ilicifolia__evm.model.scaffold726_cov101.16												
OG0000075						Populus_euphratica__Poeup04461.t1	Populus_ilicifolia__evm.model.scaffold219_cov113.32												
OG0000076								Populus_koreana__Pokor35499.t1				Populus_qiongdaoensis__Poqio24544.t1							
OG0000077										Populus_pruinosa__PprTF05G0355.1									Populus_yunnanensis__Poyun14834.t1
OG0000078										Populus_pruinosa__PprTF07G0737.1, Populus_pruinosa__PprTF07G0738.1									
