Orthogroup	Populus_adenopoda	Populus_alba	Populus_alba_var__pyramidalis	Populus_davidiana	Populus_deltoide	Populus_euphratica	Populus_ilicifolia	Populus_koreana	Populus_lasiocarpa	Populus_pruinosa	Populus_pseudoglauca	Populus_qiongdaoensis	Populus_rotundifolia	Populus_simonii	Populus_szechuanica	Populus_tremula	Populus_trichocarpa	Populus_wuana	Populus_yunnanensis	Total
OG0000000	2	2	3	2	2	4	2	2	2	2	2	1	2	2	2	2	2	2	2	40
OG0000001	2	2	2	2	2	3	2	2	2	3	2	2	2	2	2	2	2	2	2	40
OG0000002	2	2	2	2	4	2	2	2	2	2	2	2	2	2	2	2	2	2	2	40
OG0000003	2	2	3	2	2	2	2	2	2	2	2	2	2	2	2	2	2	2	2	39
OG0000004	2	2	2	2	2	2	2	2	2	2	2	2	2	2	2	2	2	2	2	38
OG0000005	2	2	2	2	2	2	2	2	2	2	2	2	2	2	2	2	2	2	2	38
OG0000006	2	2	1	2	4	2	2	2	2	2	2	1	2	2	2	2	2	2	2	38
OG0000007	2	2	2	2	2	2	2	2	2	2	2	2	2	2	2	2	2	2	2	38
OG0000008	2	2	2	2	3	2	2	2	2	2	2	2	2	2	2	2	2	1	2	38
OG0000009	2	2	2	2	2	2	2	2	2	2	2	2	2	2	2	2	2	2	2	38
OG0000010	2	2	2	2	2	2	2	2	2	2	2	1	2	2	2	2	2	2	2	37
OG0000011	2	2	2	2	2	2	2	2	2	2	2	1	2	2	2	2	2	2	2	37
OG0000012	2	2	2	2	2	2	2	2	2	2	2	1	2	2	2	2	2	2	2	37
OG0000013	2	2	2	2	2	2	2	2	2	2	2	2	2	2	2	1	2	2	2	37
OG0000014	2	2	2	2	2	2	2	1	2	2	2	2	2	2	2	2	2	2	2	37
OG0000015	2	2	2	2	2	2	1	2	2	2	2	2	2	2	2	2	2	2	2	37
OG0000016	2	2	2	2	2	1	2	2	2	2	2	2	2	2	2	2	2	2	2	37
OG0000017	2	2	2	2	3	1	2	2	2	2	2	1	2	2	2	2	2	2	2	37
OG0000018	2	2	2	2	2	1	2	2	2	2	2	1	2	2	2	2	2	2	2	36
OG0000019	2	2	1	2	2	1	2	2	2	2	2	2	2	2	2	2	2	2	2	36
OG0000020	2	2	2	2	2	1	1	2	2	2	2	2	2	2	2	2	2	2	2	36
OG0000021	2	2	2	2	2	0	2	2	2	2	2	2	2	2	2	1	2	2	2	35
OG0000022	2	2	2	2	2	2	1	2	1	2	2	2	2	1	2	1	2	2	2	34
OG0000023	1	2	2	1	1	1	1	1	1	1	1	1	1	1	1	1	1	1	1	21
OG0000024	1	1	1	1	2	1	2	1	1	1	1	1	1	1	1	1	1	1	1	21
OG0000025	1	1	1	1	2	2	1	1	1	1	2	0	1	1	2	0	1	0	1	20
OG0000026	1	1	1	1	1	1	1	1	1	1	1	2	1	1	1	1	1	1	1	20
OG0000027	1	2	1	1	1	1	1	1	1	1	1	1	1	1	1	1	1	1	1	20
OG0000028	1	1	2	1	1	1	1	1	1	1	1	1	1	1	1	1	1	1	1	20
OG0000029	1	1	1	1	1	1	1	1	1	1	1	1	1	1	1	1	1	1	1	19
OG0000030	1	1	1	1	1	1	1	1	1	1	1	1	1	1	1	1	1	1	1	19
OG0000031	1	1	1	1	1	1	1	1	1	1	1	1	1	1	1	1	1	1	1	19
OG0000032	1	1	1	1	2	0	1	1	1	1	1	2	1	1	1	1	1	1	0	19
OG0000033	1	1	1	1	1	1	1	1	1	1	1	1	1	1	1	1	1	1	1	19
OG0000034	1	1	1	1	1	1	1	1	1	1	1	1	1	1	1	1	1	1	1	19
OG0000035	1	1	1	1	1	1	1	1	1	1	1	1	1	1	1	1	1	1	1	19
OG0000036	1	1	1	1	1	1	1	1	1	1	1	1	1	1	1	1	1	1	1	19
OG0000037	1	1	1	1	1	1	1	1	1	1	1	1	1	1	1	1	1	1	1	19
OG0000038	1	1	1	1	1	1	1	1	1	1	1	1	1	1	1	1	1	1	1	19
OG0000039	1	1	1	1	1	1	1	1	1	1	1	1	1	1	1	1	1	1	1	19
OG0000040	1	1	1	1	1	1	1	1	1	1	1	1	1	1	1	1	1	1	1	19
OG0000041	1	1	1	1	1	1	1	1	1	1	1	1	1	1	1	1	1	1	1	19
OG0000042	1	0	1	1	1	1	1	1	1	1	1	2	1	1	1	1	1	1	1	19
OG0000043	1	1	1	1	1	1	1	1	1	1	1	1	1	1	1	1	1	1	1	19
OG0000044	1	1	1	2	1	1	1	1	1	1	1	0	1	1	1	1	1	1	1	19
OG0000045	1	1	1	1	1	1	1	1	1	1	1	1	1	1	1	1	1	1	1	19
OG0000046	1	1	1	1	1	1	1	1	1	1	1	1	1	1	1	1	1	1	1	19
OG0000047	1	1	1	1	1	1	1	1	1	1	1	1	1	1	1	1	1	1	1	19
OG0000048	1	0	1	1	1	1	1	1	1	1	1	1	1	1	1	2	1	1	1	19
OG0000049	1	0	1	1	1	1	1	1	1	1	1	1	1	1	1	1	1	1	1	18
OG0000050	1	1	1	1	1	1	1	1	1	1	1	1	0	1	1	1	1	1	1	18
OG0000051	1	1	1	1	1	1	1	1	1	1	1	1	1	1	1	0	1	1	1	18
OG0000052	1	1	1	1	1	0	1	1	1	1	1	1	1	1	1	1	1	1	1	18
OG0000053	1	1	1	1	1	1	1	1	1	1	1	1	1	1	1	0	1	1	1	18
OG0000054	1	1	1	1	1	1	1	1	1	1	1	1	1	1	1	0	1	1	1	18
OG0000055	1	1	1	0	1	1	2	1	1	1	1	1	1	1	1	0	1	1	1	18
OG0000056	1	1	1	1	1	0	1	1	1	1	1	1	1	1	1	1	1	1	1	18
OG0000057	1	1	0	1	3	1	0	1	1	1	1	0	1	1	1	1	1	1	1	18
OG0000058	1	1	0	1	1	1	1	1	1	1	1	1	1	1	1	1	1	1	1	18
OG0000059	1	1	1	1	1	0	1	1	1	1	1	1	1	1	1	1	1	1	1	18
OG0000060	1	1	1	1	0	1	0	1	1	1	1	1	1	1	1	1	1	1	1	17
OG0000061	1	1	0	1	0	1	1	1	1	1	1	1	1	1	1	1	1	1	1	17
OG0000062	1	1	1	1	1	1	1	1	1	0	1	1	1	1	1	1	1	0	1	17
OG0000063	1	1	1	1	1	0	1	1	1	0	1	1	1	1	1	1	1	1	1	17
OG0000064	1	1	1	1	1	1	1	1	1	0	1	0	1	1	1	1	1	1	1	17
OG0000065	1	1	0	1	1	0	1	1	1	1	1	0	1	1	1	1	1	1	1	16
OG0000066	0	1	0	1	1	1	1	1	1	1	1	0	1	1	1	1	1	1	1	16
OG0000067	1	1	1	1	1	1	1	1	1	0	1	0	1	1	1	0	1	0	0	14
OG0000068	1	0	0	0	1	1	1	1	1	1	1	0	1	1	1	0	0	1	1	13
OG0000069	1	0	1	1	1	0	1	0	0	1	1	1	1	1	0	1	1	1	0	13
OG0000070	0	0	0	0	1	1	1	1	1	1	1	0	0	1	1	0	1	1	1	12
OG0000071	1	1	0	0	0	1	0	1	0	0	0	1	0	1	0	1	1	0	2	10
OG0000072	0	0	1	0	1	1	0	1	0	0	0	1	0	1	0	0	1	0	0	7
OG0000073	0	1	0	0	0	1	1	1	0	0	0	0	0	1	0	0	0	0	0	5
OG0000074	0	0	0	0	0	1	2	0	0	0	0	0	0	0	0	0	0	0	0	3
OG0000075	0	0	0	0	0	1	1	0	0	0	0	0	0	0	0	0	0	0	0	2
OG0000076	0	0	0	0	0	0	0	1	0	0	0	1	0	0	0	0	0	0	0	2
OG0000077	0	0	0	0	0	0	0	0	0	1	0	0	0	0	0	0	0	0	1	2
OG0000078	0	0	0	0	0	0	0	0	0	2	0	0	0	0	0	0	0	0	0	2
